indicator,city,2007,2008,2009,2010,2011,2012,2013,2014,2015,2016,2017,2018,2019,2020,2021,2022,2023,2024,age1,age2,age3,age1_a,age2_a,age3_a,race1,race2,race3,race4,race1_a,race2_a,race3_a,race4_a
disability,Baltimore,,0.156,0.144,0.151,0.156,0.155,0.161,0.146,0.155,0.149,0.155,0.156,0.165,,0.176,0.171511556,0.158276446,0.176736219,0.077748295,0.185826417,0.393705401,21155,38779,33600,0.137019411,0.189526966,0.102617419,0.072145504,20125,63541,4787,1071
disability,Boston,,0.124,0.122,0.107,0.11,0.124,0.126,0.128,0.123,0.118,0.126,0.119,0.115,,0.118,0.127416069,0.131905234,0.131085594,0.065448235,0.124234717,0.369550124,23119,27841,31404,0.094529464,0.185977412,0.146245584,0.093422846,27537,25162,18713,6443
disability,Chicago,,0.112,0.103,0.1,0.111,0.111,0.109,0.109,0.103,0.101,0.105,0.105,0.113,,0.113,0.124907133,0.129991679,0.118543207,0.055729031,0.119959203,0.356461429,73120,121026,130441,0.100312601,0.184246434,0.093257708,0.082178023,86610,136784,74762,16283
disability,Cleveland,,0.198,0.208,0.185,0.188,0.186,0.2,0.202,0.207,0.205,0.196,0.208,0.192,,0.209,0.205411601,0.212765124,0.204103394,0.108289,0.239915186,0.409350843,18849,31908,21976,0.192823173,0.211513529,0.197915802,0.113489246,23192,35239,9534,1087
disability,Detroit,,0.194,0.192,0.195,0.185,0.199,0.211,0.198,0.202,0.194,0.192,0.189,0.176,,0.196,0.19354519,0.202747097,0.189895218,0.090166945,0.254647855,0.430971295,28474,56925,40688,0.189727571,0.206656703,0.132240417,0.106628242,12877,98729,7034,1184
disability,Houston,,0.097,0.094,0.096,0.097,0.105,0.098,0.096,0.09,0.095,0.094,0.092,0.1,,0.111,0.12018974,0.124211551,0.119167475,0.060808926,0.11121794,0.356552878,71940,93929,100365,0.120216021,0.162160969,0.093717482,0.085731801,64198,84517,96098,13845
disability,Philadelphia,,0.165,0.164,0.152,0.154,0.167,0.155,0.153,0.167,0.158,,0.168,0.177,,0.161,0.174487323,0.181550399,0.16797013,0.090925286,0.194975326,0.409013219,70945,109364,92610,0.153092377,0.199149739,0.195487739,0.110667504,79631,122498,47838,13915
disability,Phoenix,,0.102,0.089,0.091,0.095,0.093,0.096,0.099,0.107,0.111,0.104,0.104,0.11,,0.116,0.117005599,0.117328925,0.118335716,0.064644433,0.119446576,0.322419509,52903,73167,63900,0.140258054,0.12115464,0.096117801,0.078311378,92703,15265,65895,5285
disability,Pittsburgh,,0.148,0.146,0.124,0.151,0.134,0.135,0.141,0.134,0.137,0.148,0.134,0.149,,0.149,0.144074902,0.128736676,0.13918333,0.075154915,0.152437505,0.325652808,11898,14684,14953,0.136179898,0.179703187,0.117533432,0.038640124,25368,11903,1582,724
disability,Washington,,0.111,0.123,0.111,0.111,0.114,0.108,0.117,0.115,0.113,0.134,0.116,0.113,,0.116,0.109197566,0.116782532,0.126463375,0.061669121,0.116460373,0.320380006,20898,28876,27215,0.064276951,0.173315564,0.091086403,0.05134491,15769,48897,7332,1508
unemployment,Baltimore,,0.065,0.102,0.112,0.106,0.102,0.097,0.086,0.075,0.066,0.063,0.057,0.051,0.085004078,0.069726263,0.038,0.03,0.043,N/A,N/A,N/A,N/A,N/A,N/A,N/A,N/A,N/A,N/A,N/A,N/A,N/A,N/A
unemployment,Boston,,0.053,0.075,0.075,0.065,0.06,0.061,0.052,0.044,0.035,0.034,0.03,0.026,0.097811626,0.056114686,0.035,0.034,0.038,N/A,N/A,N/A,N/A,N/A,N/A,N/A,N/A,N/A,N/A,N/A,N/A,N/A,N/A
unemployment,Chicago,,0.07,0.111,0.112,0.108,0.1,0.1,0.078,0.066,0.064,0.053,0.042,0.04,0.114799013,0.075287852,0.05,0.045,0.055,N/A,N/A,N/A,N/A,N/A,N/A,N/A,N/A,N/A,N/A,N/A,N/A,N/A,N/A
unemployment,Cleveland,,0.078,0.106,0.108,0.097,0.087,0.088,0.078,0.066,0.071,0.073,0.065,0.052,0.137295775,0.081459341,0.0449,0.0367,0.0379,N/A,N/A,N/A,N/A,N/A,N/A,N/A,N/A,N/A,N/A,N/A,N/A,N/A,N/A
unemployment,Detroit,,0.15,0.251,0.248,0.211,0.192,0.189,0.161,0.118,0.108,0.096,0.09,0.088,0.219322667,0.132498342,0.079,0.073,0.092,N/A,N/A,N/A,N/A,N/A,N/A,N/A,N/A,N/A,N/A,N/A,N/A,N/A,N/A
unemployment,Houston,,0.046,0.073,0.08,0.076,0.064,0.059,0.048,0.043,0.05,0.049,0.042,0.037,0.089576769,0.062979888,0.042,0.047,0.045,N/A,N/A,N/A,N/A,N/A,N/A,N/A,N/A,N/A,N/A,N/A,N/A,N/A,N/A
unemployment,Philadelphia,,0.071,0.097,0.106,0.107,0.109,0.103,0.081,0.071,0.068,0.062,0.055,0.055,0.122437027,0.085117578,0.049,0.043,0.047,N/A,N/A,N/A,N/A,N/A,N/A,N/A,N/A,N/A,N/A,N/A,N/A,N/A,N/A
unemployment,Phoenix,,0.063,0.107,0.105,0.091,0.078,0.069,0.061,0.054,0.048,0.043,0.043,0.041,0.079213392,0.050218446,0.033,0.032,0.032,N/A,N/A,N/A,N/A,N/A,N/A,N/A,N/A,N/A,N/A,N/A,N/A,N/A,N/A
unemployment,Pittsburgh,,0.052,0.071,0.08,0.075,0.074,0.068,0.056,0.052,0.053,0.049,0.042,0.043,0.094065376,0.058600716,0.0429,0.0372,0.0379,N/A,N/A,N/A,N/A,N/A,N/A,N/A,N/A,N/A,N/A,N/A,N/A,N/A,N/A
unemployment,Washington,,0.065,0.093,0.094,0.102,0.09,0.085,0.078,0.069,0.061,0.061,0.056,0.055,0.078975708,0.067798986,0.047,0.049,0.053,N/A,N/A,N/A,N/A,N/A,N/A,N/A,N/A,N/A,N/A,N/A,N/A,N/A,N/A
commute,Baltimore,0.193707986,0.19492977,0.169979602,0.1764346,0.174636675,0.192140565,0.187517167,0.185965412,0.195617501,0.172983895,0.188057497,0.162,0.154,,0.084,0.103,0.105,0.097,N/A,N/A,N/A,N/A,N/A,N/A,N/A,N/A,N/A,N/A,N/A,N/A,N/A,N/A
commute,Boston,0.339537299,0.311504937,0.345270144,0.32823461,0.325677135,0.34644193,0.330344055,0.339500216,0.345145271,0.327638474,0.350134691,0.322,0.32,,0.176,0.224,0.251,0.253,N/A,N/A,N/A,N/A,N/A,N/A,N/A,N/A,N/A,N/A,N/A,N/A,N/A,N/A
commute,Chicago,0.267262312,0.267225386,0.26499437,0.264523871,0.275831792,0.263094508,0.278156982,0.28231759,0.282846511,0.281656002,0.283380116,0.283,0.284,,0.122,0.173,0.195,0.205,N/A,N/A,N/A,N/A,N/A,N/A,N/A,N/A,N/A,N/A,N/A,N/A,N/A,N/A
commute,Cleveland,0.136414484,0.121892276,0.1120131,0.114238968,0.107573889,0.102801667,0.10821958,0.107604117,0.107587206,0.102617883,0.085975434,0.103,0.082,,0.051,0.067,0.069,0.072,N/A,N/A,N/A,N/A,N/A,N/A,N/A,N/A,N/A,N/A,N/A,N/A,N/A,N/A
commute,Detroit,0.084658159,0.091021679,0.07612016,0.084481409,0.097380531,0.093602014,0.080720577,0.092440549,0.067626432,0.077123555,0.067882778,0.059,0.075,,0.056,0.046,0.049,0.039,N/A,N/A,N/A,N/A,N/A,N/A,N/A,N/A,N/A,N/A,N/A,N/A,N/A,N/A
commute,Houston,0.048870927,0.040527871,0.039328263,0.044883692,0.043343482,0.044389597,0.041606325,0.042345196,0.040411443,0.036113927,0.040031196,0.038,0.038,,0.029,0.03,0.032,0.034,N/A,N/A,N/A,N/A,N/A,N/A,N/A,N/A,N/A,N/A,N/A,N/A,N/A,N/A
commute,Philadelphia,0.25287035,0.267979705,0.249140631,0.27189953,0.256301345,0.259814436,0.271666922,0.268292989,0.252261966,0.240081084,,0.264,0.255,,0.14,0.157,0.167,0.201,N/A,N/A,N/A,N/A,N/A,N/A,N/A,N/A,N/A,N/A,N/A,N/A,N/A,N/A
commute,Phoenix,0.040150674,0.039225576,0.032169063,0.030970597,0.039544924,0.032024274,0.040205054,0.033767267,0.035356884,0.029883779,0.037384115,0.03,0.029,,0.018,0.014,0.02,0.021,N/A,N/A,N/A,N/A,N/A,N/A,N/A,N/A,N/A,N/A,N/A,N/A,N/A,N/A
commute,Pittsburgh,0.184926173,0.208683877,0.190823683,0.180322323,0.180273763,0.172364944,0.148144666,0.174793335,0.173331879,0.180755331,0.177353718,0.186,0.173,,0.085,0.093,0.136,0.138,N/A,N/A,N/A,N/A,N/A,N/A,N/A,N/A,N/A,N/A,N/A,N/A,N/A,N/A
commute,Washington,0.363849992,0.357408619,0.371186225,0.383018162,0.3958918,0.385996327,0.384883379,0.360596627,0.357769091,0.360158916,0.326716927,0.344,0.342,,0.116,0.187,0.229,0.266,N/A,N/A,N/A,N/A,N/A,N/A,N/A,N/A,N/A,N/A,N/A,N/A,N/A,N/A
homeownership,Baltimore,0.514220237,0.513570752,0.507141032,0.459278405,0.486150528,0.463143983,0.462316786,0.459536955,0.447520973,0.457485338,0.47419677,0.475,0.476006823,,0.484526477,0.475907611,0.478682268,0.483552508,0.131619893,0.553498366,0.314881741,15988,67234,38249,0.381,0.522,0.048,0.018,46273,63351,5887,2185
homeownership,Boston,0.385287244,0.368499672,0.371876496,0.324843775,0.335418777,0.332018896,0.336423615,0.349203347,0.340626099,0.349969356,0.351891884,0.341,0.346900973,,0.347490816,0.348608221,0.358835799,0.359102574,0.146215132,0.573977423,0.279807445,14792,58067,28307,0.625,0.168,0.085,0.089,63212,17028,8602,9029
homeownership,Chicago,0.499142647,0.480140523,0.468470089,0.458563972,0.442251722,0.443604819,0.429008403,0.43645364,0.43816397,0.437019088,0.448856776,0.457,0.441519144,,0.465958543,0.457466811,0.462682377,0.465344939,0.129371625,0.581664832,0.288963544,69086,310616,154310,0.476,0.216,0.234,0.08,254317,115412,125119,42748
homeownership,Cleveland,0.466563494,0.462052565,0.461123617,0.469495121,0.448701754,0.411548885,0.424847932,0.395170619,0.411852064,0.418368923,0.404077639,0.4,0.400315792,,0.391306378,0.40228535,0.430600034,0.461137358,0.108143608,0.542963674,0.348892718,7657,38444,24703,0.478,0.389,0.093,0.018,33868,27538,6568,1258
homeownership,Detroit,0.554124352,0.533031142,0.537514534,0.532380359,0.51768528,0.498808644,0.499377257,0.462523176,0.465740668,0.459808326,0.469420487,0.468,0.478406373,,0.512789547,0.497527164,0.537671434,0.509688563,0.101335694,0.54182994,0.356834366,13163,70381,46351,0.139,0.747,0.069,0.011,18012,97030,8916,1445
homeownership,Houston,0.474266868,0.466959525,0.47430318,0.462245625,0.45043311,0.440694343,0.430057184,0.416539599,0.413640888,0.431423584,0.427698445,0.419,0.403377509,,0.421874611,0.407727894,0.424079707,0.408755735,0.11145053,0.580250256,0.308299214,43635,227179,120705,0.452,0.172,0.328,0.082,176874,67218,128484,31938
homeownership,Philadelphia,0.574378005,0.562337552,0.546431862,0.540974917,0.540054369,0.521753002,0.510014969,0.520125912,0.526487094,0.521364001,,0.527,0.522549455,,0.52795266,0.508449347,0.518370556,0.518707856,0.130810872,0.556584874,0.312604254,46033,195865,110007,0.432,0.359,0.113,0.08,151913,126315,39926,28245
homeownership,Phoenix,0.618063946,0.613515341,0.590928182,0.557614698,0.552308667,0.529447518,0.524072255,0.508175344,0.503542687,0.530456711,0.561239728,0.536,0.544666864,,0.588395436,0.576738261,0.561622513,0.576284316,0.134356759,0.600212571,0.26543067,47025,210075,92901,0.636,0.043,0.289,0.043,222428,15203,101108,15138
homeownership,Pittsburgh,0.538241152,0.521793314,0.471035034,0.513702745,0.48198458,0.477009877,0.497676701,0.472931539,0.474896239,0.4718562,0.489071754,0.469,0.451359614,,0.487974142,0.493279294,0.485510081,0.482996147,0.13336674,0.521668489,0.344964772,8783,34355,22718,0.786,0.135,0.024,0.031,51746,8884,1576,2018
homeownership,Washington,0.445400914,0.434290949,0.447761553,0.424715121,0.411750475,0.415061014,0.40681978,0.405554875,0.399432905,0.392460559,0.422080114,0.423,0.414953527,,0.415990487,0.410190537,0.391229648,0.408981852,0.125323909,0.600194531,0.27448156,16879,80836,36968,0.502,0.343,0.084,0.045,67611,46243,11348,6021
foreign_born,Baltimore,0.058485697,0.058596148,0.064860107,0.070884958,0.074393092,0.074709258,0.071243715,0.078070884,0.080175412,0.08144287,0.087499673,0.079,0.073312,0.080660962,0.079908343,0.096755572,0.090616536,0.105842107,N/A,N/A,N/A,N/A,N/A,N/A,N/A,N/A,N/A,N/A,N/A,N/A,N/A,N/A
foreign_born,Boston,0.285960102,0.26922569,0.25068701,0.269255837,0.264729931,0.262380866,0.277341751,0.275952632,0.283990745,0.28872243,0.292716851,0.279,0.272252,0.282214801,0.275071414,0.276412504,0.265680321,0.284999599,N/A,N/A,N/A,N/A,N/A,N/A,N/A,N/A,N/A,N/A,N/A,N/A,N/A,N/A
foreign_born,Chicago,0.215717262,0.214046556,0.206447847,0.206635391,0.21392711,0.213678944,0.210729115,0.204899194,0.210788898,0.206887335,0.207508148,0.2,0.203309,0.202506384,0.203844452,0.205793182,0.210320764,0.219530846,N/A,N/A,N/A,N/A,N/A,N/A,N/A,N/A,N/A,N/A,N/A,N/A,N/A,N/A
foreign_born,Cleveland,0.044243758,0.046086631,0.045193326,0.044768322,0.053051772,0.042954751,0.044095707,0.050810733,0.048523549,0.055301833,0.057040295,0.057,0.069036,0.06084037,0.056966463,0.062617861,0.068880801,0.063589415,N/A,N/A,N/A,N/A,N/A,N/A,N/A,N/A,N/A,N/A,N/A,N/A,N/A,N/A
foreign_born,Detroit,0.054197126,0.048568926,0.066059321,0.04819008,0.049637722,0.050356082,0.050270058,0.056842687,0.058868095,0.058789083,0.061467561,0.066,0.061206,0.06129834,0.052877935,0.06119824,0.06833791,0.083207114,N/A,N/A,N/A,N/A,N/A,N/A,N/A,N/A,N/A,N/A,N/A,N/A,N/A,N/A
foreign_born,Houston,0.278025808,0.283588514,0.284913915,0.287198036,0.276528671,0.278581163,0.283449244,0.292822283,0.302880675,0.303071792,0.290921785,0.297,0.282763,0.288984532,0.287669208,0.293659039,0.292527107,0.307681613,N/A,N/A,N/A,N/A,N/A,N/A,N/A,N/A,N/A,N/A,N/A,N/A,N/A,N/A
foreign_born,Philadelphia,0.111288091,0.104525026,0.115972564,0.11609128,0.124765127,0.119746809,0.126856451,0.130492464,0.131002614,0.147991035,,0.147,0.139806,0.142824263,0.14960054,0.157331467,0.150855636,0.160911383,N/A,N/A,N/A,N/A,N/A,N/A,N/A,N/A,N/A,N/A,N/A,N/A,N/A,N/A
foreign_born,Phoenix,0.256945376,0.232825681,0.217380119,0.199616276,0.202028739,0.204988853,0.197495622,0.203049358,0.192387593,0.199259957,0.19278574,0.195,0.200687,0.193319312,0.185461229,0.196226229,0.195926671,0.193733631,N/A,N/A,N/A,N/A,N/A,N/A,N/A,N/A,N/A,N/A,N/A,N/A,N/A,N/A
foreign_born,Pittsburgh,0.074739274,0.065325872,0.064154152,0.061152738,0.074358207,0.079670294,0.082785658,0.075829803,0.092603118,0.087621532,0.087641445,0.088,0.090279,0.09005065,0.086053106,0.082256813,0.098814855,0.089257971,N/A,N/A,N/A,N/A,N/A,N/A,N/A,N/A,N/A,N/A,N/A,N/A,N/A,N/A
foreign_born,Washington,0.126483107,0.131597934,0.120252077,0.135219777,0.135274338,0.142843136,0.143582866,0.139550731,0.141495147,0.133051955,0.146778256,0.139,0.120911,0.134183032,0.133163197,0.148701331,0.140558079,0.15456319,N/A,N/A,N/A,N/A,N/A,N/A,N/A,N/A,N/A,N/A,N/A,N/A,N/A,N/A
hh_income,Baltimore,36949,40313,38772,38346,38721,39241,42266,42665,44165,47350,47131,51000,50177,,54652,55198,59579,64778,N/A,N/A,N/A,N/A,N/A,N/A,N/A,N/A,N/A,N/A,N/A,N/A,N/A,N/A
hh_income,Boston,50476,51688,55979,49893,49081,51642,53583,56902,58263,63621,66758,71834,79018,,79283,86331,96931,97791,N/A,N/A,N/A,N/A,N/A,N/A,N/A,N/A,N/A,N/A,N/A,N/A,N/A,N/A
hh_income,Chicago,45505,46911,45734,44776,43628,45214,47099,48734,50702,53006,55295,57238,61811,,66576,70386,74474,80613,N/A,N/A,N/A,N/A,N/A,N/A,N/A,N/A,N/A,N/A,N/A,N/A,N/A,N/A
hh_income,Cleveland,28512,26731,24687,25977,25371,24257,26096,24701,28831,27551,28974,29953,32053,,35562,37351,39041,43383,N/A,N/A,N/A,N/A,N/A,N/A,N/A,N/A,N/A,N/A,N/A,N/A,N/A,N/A
hh_income,Detroit,28097,28730,26098,25787,25193,23600,24820,25769,25980,28099,30344,31283,33965,,36140,36453,38080,39209,N/A,N/A,N/A,N/A,N/A,N/A,N/A,N/A,N/A,N/A,N/A,N/A,N/A,N/A
hh_income,Houston,40856,44315,42945,42355,42877,42847,45353,45460,48064,47793,50896,51203,52450,,55499,60426,62637,64361,N/A,N/A,N/A,N/A,N/A,N/A,N/A,N/A,N/A,N/A,N/A,N/A,N/A,N/A
hh_income,Philadelphia,35365,36976,37045,34400,34207,35386,36836,39043,41233,41449,,46116,47474,,52899,56517,60302,60521,N/A,N/A,N/A,N/A,N/A,N/A,N/A,N/A,N/A,N/A,N/A,N/A,N/A,N/A
hh_income,Phoenix,48061,50140,47085,42260,43960,44153,46601,47929,48452,52062,56696,57957,60931,,68435,75969,79664,85246,N/A,N/A,N/A,N/A,N/A,N/A,N/A,N/A,N/A,N/A,N/A,N/A,N/A,N/A
hh_income,Pittsburgh,32363,36709,37461,36196,35947,39884,42004,41074,41293,44707,45851,47417,53799,,57821,63380,66219,66954,N/A,N/A,N/A,N/A,N/A,N/A,N/A,N/A,N/A,N/A,N/A,N/A,N/A,N/A
hh_income,Washington,54317,57936,59290,60903,63124,66583,67572,71648,75628,75506,82372,85203,92266,,90088,101027,108210,109707,N/A,N/A,N/A,N/A,N/A,N/A,N/A,N/A,N/A,N/A,N/A,N/A,N/A,N/A
labor_force,Baltimore,0.602,0.636,0.615,0.614,0.629,0.624,0.616,0.61,0.601,0.626,0.617,0.625,0.624087651,0.621629759,0.623167901,0.629387538,0.641075512,0.664315114,0.407470732,0.534095265,0.058434003,120113,157439,17225,0.320633194,0.547649935,0.073912208,0.030132626,94515.291,161434.605,21787.619,8882.405
labor_force,Boston,0.674,0.696,0.719,0.689,0.673,0.681,0.691,0.676,0.692,0.695,0.696,0.69,0.71218193,0.698397305,0.692664308,0.704058213,0.713265748,0.69152325,0.49573407,0.456989448,0.047276482,199703,184095,19045,0.508416132,0.187526813,0.170533242,0.096911938,204811.88,75543.864,68698.123,39040.296
labor_force,Chicago,0.655,0.663,0.664,0.657,0.663,0.667,0.664,0.659,0.66,0.67,0.667,0.673,0.671577745,0.672387486,0.672463029,0.67165108,0.684915496,0.69227051,0.426387995,0.527415427,0.046196578,647364,800749,70138,0.415714666,0.236584824,0.275840178,0.080765665,631159.208,359195.146,418794.626,122622.552
labor_force,Cleveland,0.597,0.603,0.596,0.604,0.578,0.576,0.595,0.59,0.58,0.59,0.592,0.588,0.596745821,0.595309243,0.597988273,0.58814308,0.60030992,0.615317874,0.436341752,0.513187599,0.050470649,78665,92519,9099,0.413665376,0.410025682,0.129031578,0.027183395,74576.835,73920.66,23262.2,4900.704
labor_force,Detroit,0.536,0.553,0.542,0.547,0.529,0.521,0.529,0.539,0.53,0.552,0.53,0.545,0.565250325,0.547646967,0.549068409,0.536026389,0.550578176,0.545715979,0.421092144,0.522981265,0.055926591,113302,140717,15048,0.138302088,0.7335285,0.081246496,0.020697239,37212.528,197368.313,21860.751,5568.944
labor_force,Houston,0.673,0.698,0.688,0.67,0.682,0.682,0.69,0.682,0.681,0.675,0.662,0.67,0.66630531,0.667587841,0.673328815,0.671360974,0.68554069,0.671774111,0.409229415,0.537961501,0.052809084,506714,666112,65389,0.313942369,0.219611118,0.432881798,0.074842455,388728.151,271925.78,536000.736,92671.05
labor_force,Philadelphia,0.59,0.587,0.601,0.579,0.582,0.589,0.597,0.598,0.604,0.597,,0.611,0.61994204,0.61562358,0.628897833,0.642239528,0.643059818,0.648901537,0.435927995,0.513993923,0.050078082,354797,418334,40758,0.39904847,0.365814749,0.133907942,0.083384344,324781.16,297732.6,108986.201,67865.6
labor_force,Phoenix,0.681,0.69,0.674,0.654,0.669,0.657,0.65,0.655,0.647,0.669,0.673,0.685,0.676978597,0.679846853,0.675621912,0.67645064,0.689027781,0.696598914,0.408505599,0.542613553,0.048880848,362860,481983,43419,0.501176028,0.076141931,0.394145156,0.043922514,445175.621,67633.984,350104.165,39014.7
labor_force,Pittsburgh,0.584,0.608,0.617,0.623,0.597,0.629,0.631,0.624,0.614,0.636,0.632,0.628,0.660593243,0.641386948,0.631643345,0.647192069,0.645514537,0.646341872,0.502895318,0.440263945,0.056840737,85891,75194,9708,0.679596002,0.178499939,0.044241556,0.061997927,116070.24,30486.54,7556.148,10588.812
labor_force,Washington,0.669,0.68,0.667,0.668,0.674,0.69,0.688,0.689,0.698,0.693,0.705,0.707,0.708311572,0.706942054,0.70728737,0.717622012,0.727739074,0.712913127,0.428911782,0.517627325,0.053460893,173367,209226,21609,0.461639601,0.343168257,0.116022979,0.05014614,186595.65,138709.296,46896.72,20269.17
pre_K,Baltimore,0.424,0.576239625,0.484343257,0.484834649,0.461185873,0.502501959,0.508695158,0.524485205,0.571378971,0.480797805,0.475199812,0.54,0.49,,0.46,0.431909404,0.382412791,0.460505213,NA,NA,NA,NA,NA,NA,NA,NA,NA,NA,NA,NA,NA,NA
pre_K,Boston,0.767,0.657791328,0.657072298,0.60546993,0.543960859,0.591633879,0.59347118,0.596717044,0.585478464,0.586862833,0.654651449,0.626,0.749,,0.44,0.633783001,0.708128848,0.650470089,NA,NA,NA,NA,NA,NA,NA,NA,NA,NA,NA,NA,NA,NA
pre_K,Chicago,0.549,0.533542526,0.558877426,0.498340692,0.500759621,0.549329734,0.561451304,0.570398808,0.562744727,0.609335754,0.537302427,0.589,0.582,,0.59,0.553133893,0.481064593,0.544466912,NA,NA,NA,NA,NA,NA,NA,NA,NA,NA,NA,NA,NA,NA
pre_K,Cleveland,0.389,0.419314064,0.502204842,0.564420302,0.461173559,0.412688092,0.414483821,0.424539463,0.415114683,0.521520515,0.319509407,0.4,0.478,,0.38,0.435178479,0.357448245,0.308617444,NA,NA,NA,NA,NA,NA,NA,NA,NA,NA,NA,NA,NA,NA
pre_K,Detroit,0.46,0.569822222,0.397006944,0.428063763,0.467358058,0.458688386,0.410072304,0.436479848,0.368716707,0.386460926,0.434450552,0.36,0.423,,0.45,0.268791114,0.305030117,0.417675921,NA,NA,NA,NA,NA,NA,NA,NA,NA,NA,NA,NA,NA,NA
pre_K,Houston,0.427,0.431906731,0.410768015,0.406144541,0.405234183,0.426358737,0.407851721,0.444654035,0.402069247,0.418546436,0.428717417,0.463,0.477,,0.57,0.455945959,0.494935445,0.45795234,NA,NA,NA,NA,NA,NA,NA,NA,NA,NA,NA,NA,NA,NA
pre_K,Philadelphia,0.484,0.489854273,0.554465999,0.503132302,0.519080003,0.483552781,0.44787715,0.459450372,0.479664589,0.51423542,,0.538,0.492,,0.49,0.44668453,0.414725098,0.557949698,NA,NA,NA,NA,NA,NA,NA,NA,NA,NA,NA,NA,NA,NA
pre_K,Phoenix,0.308,0.282068724,0.29461702,0.320946566,0.26739458,0.309234396,0.296077577,0.282495667,0.328861633,0.353061017,0.380037895,0.33,0.354,,0.34,0.288621712,0.391636894,0.343175406,NA,NA,NA,NA,NA,NA,NA,NA,NA,NA,NA,NA,NA,NA
pre_K,Pittsburgh,0.61,0.548649071,0.583457249,0.661180124,0.602423061,0.457780342,0.573007563,0.663909774,0.398438886,0.503950695,0.512323612,0.615,0.448,,0.29,0.404403244,0.555317439,0.579946285,NA,NA,NA,NA,NA,NA,NA,NA,NA,NA,NA,NA,NA,NA
pre_K,Washington,0.678,0.736024632,0.588951493,0.739093533,0.745657568,0.783919267,0.784976397,0.863601978,0.745537386,0.777107728,0.73214683,0.781,0.856,,0.85,0.78587385,0.901382551,0.77346676,NA,NA,NA,NA,NA,NA,NA,NA,NA,NA,NA,NA,NA,NA
cost_burden,Baltimore,0.553503858,0.539796112,0.597693377,0.546152127,0.571938705,0.531803406,0.564397623,0.550147994,0.535416242,0.48941307,0.512678502,0.494,0.519246363,,0.524,0.501767923,0.518303235,0.508691601,0.504513147,0.467110218,0.606226883,23140,29768,14915,NA,NA,NA,NA,NA,NA,NA,NA
cost_burden,Boston,0.509436331,0.50187427,0.49769944,0.518830971,0.537377225,0.505887489,0.515173283,0.524124864,0.541153422,0.50465883,0.506231902,0.502,0.48863193,,0.492,0.506995974,0.479110957,0.499016133,0.460580699,0.477852349,0.577136076,35771,36668,16049,NA,NA,NA,NA,NA,NA,NA,NA
cost_burden,Chicago,0.526569475,0.518546729,0.54567425,0.549046933,0.548756589,0.523040378,0.510153272,0.532245031,0.5101477,0.493041523,0.489223405,0.486,0.465080417,,0.464,0.485647652,0.436915685,0.468129197,0.415698688,0.445681015,0.595979261,104929,124464,56326,NA,NA,NA,NA,NA,NA,NA,NA
cost_burden,Cleveland,0.52714231,0.59339138,0.575849569,0.590692749,0.589317331,0.587191501,0.588146725,0.588010893,0.524322865,0.548643001,0.527778971,0.513,0.488922331,,0.467,0.466667983,0.514410335,0.491384162,0.476272478,0.458709114,0.549758706,16871,22074,8430,NA,NA,NA,NA,NA,NA,NA,NA
cost_burden,Detroit,0.628408514,0.661586663,0.679320448,0.697551246,0.69323511,0.671789791,0.661132804,0.653086574,0.643521827,0.624048434,0.587642768,0.569,0.564197877,,0.541,0.539530203,0.523704455,0.547908725,0.545860838,0.520020154,0.59323128,21252,35092,12866,NA,NA,NA,NA,NA,NA,NA,NA
cost_burden,Houston,0.50358012,0.472100258,0.502488644,0.496782573,0.504693364,0.499100652,0.477736454,0.496849656,0.504468574,0.516153928,0.496691645,0.501,0.511712183,,0.506,0.502524695,0.513688696,0.54296431,0.506681425,0.495365802,0.623136777,107116,130517,39882,NA,NA,NA,NA,NA,NA,NA,NA
cost_burden,Philadelphia,0.539171919,0.541423933,0.550979976,0.588729701,0.581224033,0.569367787,0.575993762,0.574711786,0.563684217,0.533514851,,0.539,0.547390997,,0.489,0.486229647,0.485237542,0.505000325,0.470252532,0.473152784,0.572835437,62624,68416,28502,NA,NA,NA,NA,NA,NA,NA,NA
cost_burden,Phoenix,0.519687509,0.51794505,0.527022664,0.558775764,0.517592891,0.537892001,0.492636243,0.50962829,0.498158939,0.486799868,0.475603811,0.469,0.4551909,,0.499,0.515124226,0.518699396,0.500222447,0.487588687,0.464106687,0.607445821,49893,58884,18976,NA,NA,NA,NA,NA,NA,NA,NA
cost_burden,Pittsburgh,0.541833099,0.544979062,0.483247173,0.532170046,0.49915153,0.485341302,0.508016048,0.494685175,0.49981599,0.446746344,0.459532935,0.497,0.437506723,,0.459,0.409146791,0.470896399,0.4503855,0.478888164,0.401311656,0.486287758,17625,10219,4894,NA,NA,NA,NA,NA,NA,NA,NA
cost_burden,Washington,0.484360038,0.474712194,0.491275958,0.506974726,0.492677184,0.481241993,0.494578575,0.486349881,0.48364748,0.484173199,0.47908628,0.465,0.427277603,,0.451,0.452875292,0.424950549,0.454701285,0.448538087,0.407073121,0.535105925,38398,32022,13665,NA,NA,NA,NA,NA,NA,NA,NA
college,Baltimore,0.241,0.247,0.261,0.242,0.275,0.269,0.287,0.3,0.299,0.308,0.306,0.331,0.332990061,,0.377,0.261794849,0.275343704,0.284299216,0.377684591,0.344307121,0.259297733,58543,72655,22715,0.640569061,0.204311641,0.293327974,0.741325811,75149,47822,7298,7884
college,Boston,0.403,0.421,0.447,0.443,0.427,0.433,0.452,0.465,0.466,0.484,0.482,0.514,0.517272072,,0.525,0.415743773,0.433048455,0.427878579,0.558039166,0.486925234,0.340550366,141454,109751,29602,0.757273506,0.286085167,0.274831719,0.581058177,167181,27108,21762,28455
college,Chicago,0.296,0.311,0.331,0.333,0.335,0.345,0.351,0.36,0.366,0.385,0.388,0.394,0.41338758,,0.437,0.333607373,0.35018394,0.357706133,0.485752133,0.414268838,0.294919461,385404,421526,110496,0.692729292,0.260642967,0.211502585,0.671870769,477889,137179,107250,101734
college,Cleveland,0.13,0.133,0.137,0.133,0.147,0.152,0.165,0.151,0.162,0.163,0.17,0.17,0.185557513,,0.217,0.178966637,0.17129622,0.183036802,0.275537744,0.196935196,0.156843766,27157,26551,8750,0.341390225,0.13644459,0.115262936,0.521287295,33220,15399,3279,3110
college,Detroit,0.118,0.108,0.124,0.12,0.13,0.13,0.13,0.138,0.142,0.149,0.146,0.155,0.166619495,,0.181,0.119237279,0.130117289,0.132607612,0.160680839,0.165840264,0.179366003,25479,37326,17269,0.384669728,0.146089465,0.114931666,0.456011929,19602,46901,3162,3364
college,Houston,0.276,0.284,0.279,0.289,0.287,0.297,0.314,0.304,0.309,0.325,0.327,0.329,0.340052588,,0.363,0.250992226,0.262227223,0.267300275,0.319210711,0.350828295,0.34326297,205595,298945,98431,0.634457744,0.282391394,0.173684459,0.623505484,265709,100827,106739,75721
college,Philadelphia,0.211,0.21,0.232,0.226,0.236,0.243,0.252,0.26,0.274,0.286,,0.309,0.310237303,,0.348,0.26824875,0.26242114,0.271182833,0.400787463,0.314918673,0.237930708,179663,177776,55228,0.527101709,0.21300974,0.212755817,0.419885028,215077,89050,29462,37324
college,Phoenix,0.235,0.229,0.247,0.249,0.26,0.267,0.267,0.274,0.266,0.279,0.284,0.289,0.285560543,,0.328,0.229908362,0.233783077,0.252196791,0.256952258,0.334384725,0.32201619,111895,206620,64723,0.455927649,0.276981805,0.148384067,0.636350738,236688,22058,57515,31395
college,Pittsburgh,0.32,0.342,0.326,0.349,0.331,0.384,0.397,0.384,0.413,0.457,0.441,0.438,0.469978008,,0.476,0.377332827,0.379872978,0.409256671,0.45719004,0.458122022,0.334445214,52602,44715,15942,0.541779015,0.215740609,0.555804405,0.824813584,75148,9109,4467,9181
college,Washington,0.475,0.482,0.485,0.501,0.525,0.53,0.551,0.55,0.567,0.568,0.573,0.604,0.596717774,,0.63,0.498608967,0.50155382,0.497858313,0.60857103,0.631759295,0.494682133,131001,158926,43116,0.9313056,0.343024281,0.563225555,0.864504798,181111,68079,28916,20181
poverty,Baltimore,0.2,0.193,0.21,0.256,0.251,0.248,0.233,0.236,0.229,0.219,0.222,0.184,0.202,0.2,0.23,0.185324647,0.201834154,0.176869596,0.213100838,0.170195451,0.216941882,55227,35554,18511,0.112873486,0.236620453,0.175881508,0.214988814,16161,78014,7956,2883
poverty,Boston,0.204,0.187,0.169,0.233,0.232,0.216,0.216,0.226,0.205,0.21,0.187,0.182,0.171,0.18,0.187,0.170627967,0.15643634,0.165323851,0.180902444,0.130346759,0.205709646,56858,29230,17481,0.102380335,0.194145537,0.250517247,0.233508892,27656,25674,30997,14365
poverty,Chicago,0.205,0.206,0.216,0.225,0.237,0.239,0.23,0.22,0.209,0.191,0.186,0.174,0.164,0.173,0.171,0.172236435,0.16779241,0.16571042,0.18602113,0.141496479,0.179778812,238789,142809,65787,0.086820986,0.271266529,0.163659259,0.162774789,73889,199953,130224,31647
poverty,Cleveland,0.295,0.305,0.35,0.34,0.343,0.361,0.369,0.392,0.347,0.35,0.331,0.331,0.308,0.32,0.293,0.317870056,0.306693836,0.282691475,0.353851796,0.269217778,0.245953246,59819,35866,13204,0.19233006,0.364568215,0.33061773,0.436121269,22819,60285,15746,3697
poverty,Detroit,0.338,0.333,0.364,0.376,0.408,0.423,0.407,0.393,0.398,0.357,0.345,0.334,0.306,0.332,0.302,0.338398151,0.318564654,0.34525071,0.375802406,0.303724646,0.222116301,116852,67894,20970,0.276585729,0.333173653,0.350698184,0.325533119,18214,158574,18560,3450
poverty,Houston,0.207,0.195,0.206,0.228,0.238,0.235,0.224,0.224,0.212,0.208,0.206,0.204,0.197,0.196,0.194,0.207326288,0.195002049,0.212433763,0.24292091,0.148114738,0.170295609,282938,125114,47936,0.088975898,0.257499462,0.239846446,0.137661747,47176,132802,244729,21788
poverty,Philadelphia,0.238,0.241,0.25,0.267,0.284,0.269,0.263,0.26,0.258,0.257,,0.245,0.233,0.231,0.228,0.216780382,0.203281614,0.19708414,0.238143482,0.182079694,0.210384987,178173,102160,47636,0.122457431,0.253175558,0.305958624,0.220332482,61510,154111,74094,26998
poverty,Phoenix,0.178,0.189,0.211,0.225,0.229,0.241,0.236,0.233,0.223,0.203,0.168,0.156,0.156,0.162,0.149,0.138797554,0.135664818,0.120318122,0.159465282,0.113327427,0.11926999,128415,69456,23638,0.085719526,0.215246817,0.175247248,0.110631071,56079,26843,119591,7426
poverty,Pittsburgh,0.21,0.212,0.231,0.267,0.238,0.211,0.227,0.238,0.23,0.192,0.202,0.205,0.191,0.197,0.202,0.189800156,0.199326753,0.201468837,0.262362677,0.137021824,0.147853736,36396,13210,6789,0.131459697,0.354526532,0.248991122,0.2686177,22831,22823,3085,4213
poverty,Washington,0.164,0.172,0.184,0.192,0.187,0.182,0.189,0.177,0.173,0.186,0.166,0.162,0.135,0.155,0.164719188,0.133274637,0.140225857,0.173116858,0.179761849,0.122502833,0.152720552,57442,30593,12973,0.046775384,0.259282738,0.123439985,0.145124717,11086,71987,9703,3968
deep_poverty,Baltimore,0.09434378,0.092415452,0.107804918,0.126700425,0.127862378,0.116893298,0.12520007,0.11974256,0.117032767,0.10409655,0.111532597,0.098,0.105552,,0.11545508,0.103918873,0.118070423,0.100619099,N/A,N/A,N/A,N/A,N/A,N/A,N/A,N/A,N/A,N/A,N/A,N/A,N/A,N/A
deep_poverty,Boston,0.105421219,0.084116676,0.084598631,0.125904548,0.120034039,0.118264586,0.115307016,0.120878224,0.102264306,0.104852045,0.095077437,0.09,0.085472,,0.103037138,0.100388713,0.078363586,0.098973796,N/A,N/A,N/A,N/A,N/A,N/A,N/A,N/A,N/A,N/A,N/A,N/A,N/A,N/A
deep_poverty,Chicago,0.090996586,0.093455423,0.100644387,0.100097431,0.11234008,0.106084317,0.107868425,0.102886058,0.094669744,0.085666728,0.084774985,0.08,0.072625,,0.084563734,0.091539893,0.079170114,0.084982028,N/A,N/A,N/A,N/A,N/A,N/A,N/A,N/A,N/A,N/A,N/A,N/A,N/A,N/A
deep_poverty,Cleveland,0.137431925,0.142060939,0.172539382,0.165916756,0.176496675,0.188010763,0.177467234,0.190177569,0.173633799,0.17723759,0.148706345,,0.114386,,0.148534448,0.162701517,0.16246375,0.14738935,N/A,N/A,N/A,N/A,N/A,N/A,N/A,N/A,N/A,N/A,N/A,N/A,N/A,N/A
deep_poverty,Detroit,0.185830247,0.155243024,0.184913389,0.189582769,0.212632018,0.210428709,0.223712981,0.204184608,0.181482483,0.166107726,0.172712239,0.172,0.137208,,0.147451761,0.177641533,0.152633376,0.183227109,N/A,N/A,N/A,N/A,N/A,N/A,N/A,N/A,N/A,N/A,N/A,N/A,N/A,N/A
deep_poverty,Houston,0.082429086,0.07973712,0.084787613,0.094044096,0.099940656,0.096873757,0.091564629,0.089792677,0.091013315,0.086374904,0.085780415,0.093,0.081479,,0.098331368,0.102028428,0.091424017,0.105566369,N/A,N/A,N/A,N/A,N/A,N/A,N/A,N/A,N/A,N/A,N/A,N/A,N/A,N/A
deep_poverty,Philadelphia,0.11085543,0.11060648,0.119951396,0.134751535,0.131056045,0.122521885,0.121974927,0.12281726,0.121619832,0.122661292,,0.111,0.110504,,0.117376588,0.097376601,0.096650741,0.09364278,N/A,N/A,N/A,N/A,N/A,N/A,N/A,N/A,N/A,N/A,N/A,N/A,N/A,N/A
deep_poverty,Phoenix,0.082959347,0.090835636,0.102100578,0.113485532,0.108508079,0.116308231,0.112840914,0.106436355,0.107006782,0.090067281,0.072339717,0.064,0.063869,,0.074940065,0.071343701,0.068709875,0.064885104,N/A,N/A,N/A,N/A,N/A,N/A,N/A,N/A,N/A,N/A,N/A,N/A,N/A,N/A
deep_poverty,Pittsburgh,0.096376483,0.114082552,0.117690091,0.099007898,0.126531457,0.107463785,0.118607528,0.119662726,0.112931433,0.097763692,0.112065107,,0.102633,,0.102405659,0.111400775,0.119692639,0.115911927,N/A,N/A,N/A,N/A,N/A,N/A,N/A,N/A,N/A,N/A,N/A,N/A,N/A,N/A
deep_poverty,Washington,0.084620512,0.097710519,0.107224611,0.106817899,0.103105975,0.103719629,0.103199147,0.090961948,0.091862884,0.107435452,0.089338855,0.097,0.072682,,0.103725386,0.080162961,0.08155205,0.103434292,N/A,N/A,N/A,N/A,N/A,N/A,N/A,N/A,N/A,N/A,N/A,N/A,N/A,N/A
homicide_capita,Baltimore,,37.7,38.356,35.91,31.752,35,37.43,33.9,55.2,51.5,55.8,50.5,58.6,56.4,39.4,56.67352715,43.34449675,34.1386416,N/A,N/A,N/A,N/A,N/A,N/A,N/A,N/A,N/A,N/A,N/A,N/A,N/A,N/A
homicide_capita,Boston,,10.3,8.161,11.754,9.992,9.3,5.971,8.2,6.1,6.9,8.6,8.2,5.5,8.2,5.9,6.156043388,5.671002173,3.561771506,N/A,N/A,N/A,N/A,N/A,N/A,N/A,N/A,N/A,N/A,N/A,N/A,N/A,N/A
homicide_capita,Chicago,,18.9,16.982,16.015,15.915,18.7,15.256,15,17.2,28,24,20.7,18.3,28.5,29,26.6785338,23.30683885,21.31313926,N/A,N/A,N/A,N/A,N/A,N/A,N/A,N/A,N/A,N/A,N/A,N/A,N/A,N/A
homicide_capita,Cleveland,,13.5,20.659,20.46,18.849,24.6,14.805,26.4,30.8,35,33.7,33.5,30.9,45.9,45.6,46.45323984,43.01431053,31.19945483,N/A,N/A,N/A,N/A,N/A,N/A,N/A,N/A,N/A,N/A,N/A,N/A,N/A,N/A
homicide_capita,Detroit,,42.7,49.647,43.593,48.791,54.6,45.672,43.6,43.4,44.6,39.7,38.8,39,48.8,48.3,49.8057736,39.79653233,31.43865127,N/A,N/A,N/A,N/A,N/A,N/A,N/A,N/A,N/A,N/A,N/A,N/A,N/A,N/A
homicide_capita,Houston,,14.3,13.75,12.819,9.321,10.1,9.907,11,13.2,13.2,11.7,12.1,12.1,17.2,20.5,18.61644652,15.18520105,13.40084007,N/A,N/A,N/A,N/A,N/A,N/A,N/A,N/A,N/A,N/A,N/A,N/A,N/A,N/A
homicide_capita,Philadelphia,,22.1,19.938,20.022,21.035,21.6,15.85,16,17.9,17.7,20.2,22.2,22.5,31.5,35,32.92374325,26.4423666,17.09112812,N/A,N/A,N/A,N/A,N/A,N/A,N/A,N/A,N/A,N/A,N/A,N/A,N/A,N/A
homicide_capita,Phoenix,,11.5,6.127,8.004,7.891,7.9,7.726,7.7,7.4,9.4,10,8.4,8.3,10.4,9.2,13.19627853,11.63600398,8.248053639,N/A,N/A,N/A,N/A,N/A,N/A,N/A,N/A,N/A,N/A,N/A,N/A,N/A,N/A
homicide_capita,Pittsburgh,,23.4,12.721,18.009,14.374,13.7,14.657,23.2,19.6,18.4,18.8,17.9,12.3,17,39.3,23.43969231,17.14734183,13.6509897,N/A,N/A,N/A,N/A,N/A,N/A,N/A,N/A,N/A,N/A,N/A,N/A,N/A,N/A
homicide_capita,Washington,,34.4,24.315,21.815,17.431,14.2,15.836,16.2,24.6,20.1,17,23.1,23.5,28.1,32.8,30.21719165,40.3551251,26.62869349,N/A,N/A,N/A,N/A,N/A,N/A,N/A,N/A,N/A,N/A,N/A,N/A,N/A,N/A
population,Baltimore,,620184,620509,621005,620442,622973,622497,623165,622150,615150,609841,602495,593490,583132,576498,569931,565239,568271,0.479069086,0.36811265,0.152818264,274623,211018,87602,0.259774651,0.585247443,0.082021063,0.025622642,148914,335489,47018,14688
population,Boston,,600685,612669,621074,630480,643003,653103,663017,670791,680470,688276,694583,694295,674272,654776,649768,652442,673822,0.531362069,0.338207976,0.130429955,354122,225396,86924,0.44068351,0.192795472,0.192748956,0.102565565,293690,128487,128456,68354
population,Chicago,,2697359,2697006,2697529,2708209,2719735,2726772,2728524,2726215,2718946,2713067,2705994,2693959,2741730,2696555,2665064,2664454,2721326,0.486511637,0.375298112,0.13819025,1319043,1017518,374665,0.320934883,0.274307638,0.297030937,0.072452462,870127,743710,805318,196435
population,Cleveland,,408261,401770,395890,392594,391500,391759,390850,389248,387708,385428,383793,380989,372032,367991,361654,362670,365391,0.479348369,0.368265787,0.152385843,175488,134821,55788,0.337022702,0.451145461,0.132467625,0.026077788,123383,165163,48496,9547
population,Detroit,,756383,731155,711120,705043,700159,691883,682669,679305,676883,674188,672662,670052,638176,632464,620410,633221,645702,0.496734687,0.352484613,0.150780699,317180,225072,96278,0.108480416,0.749512161,0.083413465,0.01734296,69268,478586,53262,11074
population,Houston,,2060477,2087334,2098446,2124143,2160086,2198280,2240982,2286630,2309752,2317445,2325502,2316797,2300027,2288250,2304414,2311461,2387910,0.51085084,0.365987717,0.123161443,1189390,852112,286751,0.232080448,0.223282006,0.442439889,0.068779467,540342,519857,1030112,160136
population,Philadelphia,,1499731,1514694,1528293,1540322,1551797,1558371,1565604,1571258,1576390,1580221,1584138,1584064,1601005,1576251,1567258,1550542,1573916,0.495708695,0.357353837,0.146937468,783074,564514,232118,0.331951009,0.383320061,0.155650482,0.079078639,524385,605533,245882,124921
population,Phoenix,,1456729,1452679,1449295,1470052,1499839,1527336,1556552,1584927,1613581,1634984,1660272,1680988,1611345,1624569,1644403,1650051,1673122,0.501374577,0.376242067,0.122383356,823419,617911,200993,0.406268438,0.074093829,0.419664707,0.040151663,667224,121686,689225,65942
population,Pittsburgh,,307673,306570,305410,306107,306470,307022,306092,304211,304814,301720,301048,300281,302777,300431,302905,303254,307670,0.523321707,0.320269459,0.156408835,159487,97605,47667,0.618698709,0.220843355,0.044615581,0.061146677,188554,67304,13597,18635
population,Washington,,580236,592228,605085,619602,634725,650431,662513,675254,686575,695691,702455,705749,690093,670050,671803,678972,702250,0.502828441,0.369240005,0.127931554,342574,251561,87159,0.364588562,0.416122849,0.119114509,0.04299759,248392,283502,81152,29294