indicator,city,2009,2010,2011,2012,2013,2014,2015,2016,2017,2018,2019,2020,2021,age1,age2,age3,age1_a,age2_a,age3_a,race1,race2,race3,race4,race1_a,race2_a,race3_a,race4_a
disability,Baltimore,0.144,0.151,0.156,0.155,0.161,0.146,0.155,0.149,0.155,0.156,0.165,,0.176,0.085176,0.20201,0.40419,23204,42746,33690,0.133,0.206,0.096,0.063,20786,69933,3290,898
disability,Boston,0.122,0.107,0.11,0.124,0.126,0.128,0.123,0.118,0.126,0.119,0.115,,0.118,0.061763,0.11695,0.36242,21590,25624,29386,0.095,0.178,0.13,0.077,28106,22986,17378,4835
disability,Chicago,0.103,0.1,0.111,0.111,0.109,0.109,0.103,0.101,0.105,0.105,0.113,,0.113,0.048792,0.11268,0.33943,63429,113416,123786,0.093,0.173,0.082,0.086,89731,131157,63296,16048
disability,Cleveland,0.208,0.185,0.188,0.186,0.2,0.202,0.207,0.205,0.196,0.208,0.192,,0.209,0.122386,0.24189,0.40624,21325,32570,21660,0.207,0.224,0.178,0.131,25668,38954,7950,1222
disability,Detroit,0.192,0.195,0.185,0.199,0.211,0.198,0.202,0.194,0.192,0.189,0.176,,0.196,0.09234,0.24746,0.42412,28789,55331,39025,0.189,0.201,0.146,0.085,13085,96890,7055,752
disability,Houston,0.094,0.096,0.097,0.105,0.098,0.096,0.09,0.095,0.094,0.092,0.1,,0.111,0.055884,0.11039,0.34097,63951,93297,93711,0.116,0.169,0.084,0.067,78034,84349,84453,10854
disability,Philadelphia,0.164,0.152,0.154,0.167,0.155,0.153,0.167,0.158,,0.168,0.177,,0.161,0.07563,0.19519,0.37709,58757,110054,83424,0.143,0.186,0.176,0.114,77898,113557,43765,13442
disability,Phoenix,0.089,0.091,0.095,0.093,0.096,0.099,0.107,0.111,0.104,0.104,0.11,,0.116,0.063384,0.12339,0.32477,819429,604953,188114,0.131,0.125,0.107,0.061,98522,14908,73395,4083
disability,Pittsburgh,0.146,0.124,0.151,0.134,0.135,0.141,0.134,0.137,0.148,0.134,0.149,,0.149,0.087319,0.15576,0.34045,13326,15086,15633,0.13,0.23,0.089,0.073,24844,14018,911,1136
disability,Washington,0.123,0.111,0.111,0.114,0.108,0.117,0.115,0.113,0.134,0.116,0.113,,0.116,0.056491,0.12347,0.33432,18885,29872,27997,0.061,0.181,0.072,0.053,15241,51558,5477,1408
unemployment,Baltimore,0.102,0.112,0.106,0.102,0.097,0.086,0.075,0.066,0.063,0.057,0.051,0.085004078,0.069726263,n/a,n/a,n/a,n/a,n/a,n/a,n/a,n/a,n/a,n/a,n/a,n/a,n/a,n/a
unemployment,Boston,0.075,0.075,0.065,0.06,0.061,0.052,0.044,0.035,0.034,0.03,0.026,0.097811626,0.056114686,n/a,n/a,n/a,n/a,n/a,n/a,n/a,n/a,n/a,n/a,n/a,n/a,n/a,n/a
unemployment,Chicago,0.111,0.112,0.108,0.1,0.1,0.078,0.066,0.064,0.053,0.042,0.04,0.114799013,0.075287852,n/a,n/a,n/a,n/a,n/a,n/a,n/a,n/a,n/a,n/a,n/a,n/a,n/a,n/a
unemployment,Cleveland,0.106,0.108,0.097,0.087,0.088,0.078,0.066,0.071,0.073,0.065,0.052,0.137295775,0.081459341,n/a,n/a,n/a,n/a,n/a,n/a,n/a,n/a,n/a,n/a,n/a,n/a,n/a,n/a
unemployment,Detroit,0.251,0.248,0.211,0.192,0.189,0.161,0.118,0.108,0.096,0.09,0.088,0.219322667,0.132498342,n/a,n/a,n/a,n/a,n/a,n/a,n/a,n/a,n/a,n/a,n/a,n/a,n/a,n/a
unemployment,Houston,0.073,0.08,0.076,0.064,0.059,0.048,0.043,0.05,0.049,0.042,0.037,0.089576769,0.062979888,n/a,n/a,n/a,n/a,n/a,n/a,n/a,n/a,n/a,n/a,n/a,n/a,n/a,n/a
unemployment,Philadelphia,0.097,0.106,0.107,0.109,0.103,0.081,0.071,0.068,0.062,0.055,0.055,0.122437027,0.085117578,n/a,n/a,n/a,n/a,n/a,n/a,n/a,n/a,n/a,n/a,n/a,n/a,n/a,n/a
unemployment,Phoenix,0.107,0.105,0.091,0.078,0.069,0.061,0.054,0.048,0.043,0.043,0.041,0.079213392,0.050218446,n/a,n/a,n/a,n/a,n/a,n/a,n/a,n/a,n/a,n/a,n/a,n/a,n/a,n/a
unemployment,Pittsburgh,0.071,0.08,0.075,0.074,0.068,0.056,0.052,0.053,0.049,0.042,0.043,0.094065376,0.058600716,n/a,n/a,n/a,n/a,n/a,n/a,n/a,n/a,n/a,n/a,n/a,n/a,n/a,n/a
unemployment,Washington,0.093,0.094,0.102,0.09,0.085,0.078,0.069,0.061,0.061,0.056,0.055,0.078975708,0.067798986,n/a,n/a,n/a,n/a,n/a,n/a,n/a,n/a,n/a,n/a,n/a,n/a,n/a,n/a
commute,Baltimore,0.169979602,0.1764346,0.174636675,0.192140565,0.187517167,0.185965412,0.195617501,0.172983895,0.188057497,0.162,0.154,,0.084,n/a,n/a,n/a,n/a,n/a,n/a,0.023458553,0.132706839,0.038771775,0.039081949,2209,18209,552,309
commute,Boston,0.345270144,0.32823461,0.325677135,0.34644193,0.330344055,0.339500216,0.345145271,0.327638474,0.350134691,0.322,0.32,,0.176,n/a,n/a,n/a,n/a,n/a,n/a,0.064910678,0.044153334,0.041514689,0.017942789,22703,15442,14520,6275
commute,Chicago,0.26499437,0.264523871,0.275831792,0.263094508,0.278156982,0.28231759,0.282846511,0.281656002,0.283380116,0.283,0.284,,0.122,n/a,n/a,n/a,n/a,n/a,n/a,0.375,0.309,0.244,0.07,215682,87444,86312,7245
commute,Cleveland,0.1120131,0.114238968,0.107573889,0.102801667,0.10821958,0.107604117,0.107587206,0.102617883,0.085975434,0.103,0.082,,0.051,n/a,n/a,n/a,n/a,n/a,n/a,0.027053634,0.079573514,0.040839061,0.072310023,1781,4960,726,296
commute,Detroit,0.07612016,0.084481409,0.097380531,0.093602014,0.080720577,0.092440549,0.067626432,0.077123555,0.067882778,0.059,0.075,,0.056,n/a,n/a,n/a,n/a,n/a,n/a,0.019122633,0.06727011,0.008865364,0.042110479,569,10705,145,181
commute,Houston,0.039328263,0.044883692,0.043343482,0.044389597,0.041606325,0.042345196,0.040411443,0.036113927,0.040031196,0.038,0.038,,0.029,n/a,n/a,n/a,n/a,n/a,n/a,0.008764259,0.039432853,0.037699733,0.027657683,3015,8158,18063,2349
commute,Philadelphia,0.249140631,0.27189953,0.256301345,0.259814436,0.271666922,0.268292989,0.252261966,0.240081084,,0.264,0.255,,0.14,n/a,n/a,n/a,n/a,n/a,n/a,0.079373196,0.233027326,0.098337459,0.099696963,23114,56903,9108,5876
commute,Phoenix,0.032169063,0.030970597,0.039544924,0.032024274,0.040205054,0.033767267,0.035356884,0.029883779,0.037384115,0.03,0.029,,0.018,n/a,n/a,n/a,n/a,n/a,n/a,0.011118815,0.041650029,0.022447743,0.014135767,4394,2309,6970,503
commute,Pittsburgh,0.190823683,0.180322323,0.180273763,0.172364944,0.148144666,0.174793335,0.173331879,0.180755331,0.177353718,0.186,0.173,,0.085,n/a,n/a,n/a,n/a,n/a,n/a,0.054941355,0.177216291,0.133126517,0.083371083,5808,3994,592,655
commute,Washington,0.371186225,0.383018162,0.3958918,0.385996327,0.384883379,0.360596627,0.357769091,0.360158916,0.326716927,0.344,0.342,,0.116,n/a,n/a,n/a,n/a,n/a,n/a,0.072704151,0.169465958,0.167821455,0.071001385,12586,18838,6951,1357
homeownership,Baltimore,0.507141032,0.459278405,0.486150528,0.463143983,0.462316786,0.459536955,0.447520973,0.457485338,0.47419677,0.475,0.476006823,,0.484526477,0.273497742,0.500043452,0.623225542,15748,63293,36483,0.605113932,0.416917435,0.3689545,0.395645646,46526,60822,3349,2635
homeownership,Boston,0.371876496,0.324843775,0.335418777,0.332018896,0.336423615,0.349203347,0.340626099,0.349969356,0.351891884,0.341,0.346900973,,0.347490816,0.146182559,0.425801814,0.48707698,12924,55083,26195,0.441102359,0.298626792,0.150635895,0.284131615,61094,17854,6775,7694
homeownership,Chicago,0.468470089,0.458563972,0.442251722,0.443604819,0.429008403,0.43645364,0.43816397,0.437019088,0.448856776,0.457,0.441519144,,0.465958543,0.195142275,0.5137644,0.576219064,56907,282928,137158,0.515943558,0.327914334,0.453395507,0.469873753,226848,106138,104913,33385
homeownership,Cleveland,0.461123617,0.469495121,0.448701754,0.411548885,0.424847932,0.395170619,0.411852064,0.418368923,0.404077639,0.4,0.400315792,,0.391306378,0.141736784,0.437959595,0.601806302,6199,38653,23855,0.503491642,0.354948275,0.288755785,0.3014862,31868,29679,5303,1136
homeownership,Detroit,0.537514534,0.532380359,0.51768528,0.498808644,0.499377257,0.462523176,0.465740668,0.459808326,0.469420487,0.468,0.478406373,,0.512789547,0.226877527,0.489804434,0.66255022,12682,70428,44691,0.524891978,0.465389954,0.525399033,0.458842706,16764,98907,7933,1689
homeownership,Houston,0.47430318,0.462245625,0.45043311,0.440694343,0.430057184,0.416539599,0.413640888,0.431423584,0.427698445,0.419,0.403377509,,0.421874611,0.160660204,0.449232876,0.643402486,40104,207949,105509,0.560329981,0.253824971,0.371329479,0.440296013,145762,56041,118629,27666
homeownership,Philadelphia,0.546431862,0.540974917,0.540054369,0.521753002,0.510014969,0.520125912,0.526487094,0.521364001,,0.527,0.522549455,,0.52795266,0.231314032,0.588393511,0.69068534,36057,187258,100407,0.582792595,0.476669034,0.448942461,0.593732976,141727,119479,33558,25068
homeownership,Phoenix,0.590928182,0.557614698,0.552308667,0.529447518,0.524072255,0.508175344,0.503542687,0.530456711,0.561239728,0.536,0.544666864,,0.588395436,0.29733091,0.572497336,0.759887288,39925,196129,83599,0.630885352,0.268454014,0.480959216,0.564475856,196423,11445,91136,13338
homeownership,Pittsburgh,0.471035034,0.513702745,0.48198458,0.477009877,0.497676701,0.472931539,0.474896239,0.4718562,0.489071754,0.469,0.451359614,,0.487974142,0.175195026,0.576514077,0.664960923,9073,34155,21441,0.529112528,0.301267592,0.267445343,0.177489177,51798,9483,893,1230
homeownership,Washington,0.447761553,0.424715121,0.411750475,0.415061014,0.40681978,0.405554875,0.399432905,0.392460559,0.422080114,0.423,0.414953527,,0.415990487,0.191406741,0.48050013,0.586729712,16759,69981,34248,0.496299141,0.343438024,0.39420618,0.415036472,62023,42417,9403,5007
foreign_born,Baltimore,0.064860107,0.070884958,0.074393092,0.074709258,0.071243715,0.078070884,0.080175412,0.08144287,0.087499673,0.079,0.073312,0.080660962,0.079908343,0.601,0.27,0.129,171859,215047,85230,0.193,0.357,0.23,0.2,137148,278581,22970,n/a
foreign_born,Boston,0.25068701,0.269255837,0.264729931,0.262380866,0.277341751,0.275952632,0.283990745,0.28872243,0.292716851,0.279,0.272252,0.282214801,0.275071414,0.518,0.313,0.168,260986,220000,83078,0.135,0.223,0.323,0.253,264165,108995,103594,58025
foreign_born,Chicago,0.206447847,0.206635391,0.21392711,0.213678944,0.210729115,0.204899194,0.210788898,0.206887335,0.207508148,0.2,0.203309,0.202506384,0.203844452,0.442,0.358,0.2,824112,1015144,373166,0.203,0.054,0.505,0.222,779609,617636,599739,161940
foreign_born,Cleveland,0.045193326,0.044768322,0.053051772,0.042954751,0.044095707,0.050810733,0.048523549,0.055301833,0.057040295,0.057,0.069036,0.06084037,0.056966463,0.573,0.24,0.187,107936,136577,55130,0.302,0.148,0.22,0.309,112960,136646,33472,n/a
foreign_born,Detroit,0.066059321,0.04819008,0.049637722,0.050356082,0.050270058,0.056842687,0.058868095,0.058789083,0.061467561,0.066,0.061206,0.06129834,0.052877935,0.596,0.29,0.114,172860,225004,93929,0.252,0.106,0.419,0.196,56136,376320,33725,n/a
foreign_born,Houston,0.284913915,0.287198036,0.276528671,0.278581163,0.283449244,0.292822283,0.302880675,0.303071792,0.290921785,0.297,0.282763,0.288984532,0.287669208,0.55,0.331,0.119,680301,858070,277960,0.13,0.062,0.674,0.171,474881,406957,755727,135936
foreign_born,Philadelphia,0.115972564,0.11609128,0.124765127,0.119746809,0.126856451,0.130492464,0.131002614,0.147991035,,0.147,0.139806,0.142824263,0.14960054,0.552,0.299,0.119,476379,567487,226776,0.213,0.213,0.218,0.337,457989,493256,176081,99688
foreign_born,Phoenix,0.217380119,0.199616276,0.202028739,0.204988853,0.197495622,0.203049358,0.192387593,0.199259957,0.19278574,0.195,0.200687,0.193319312,0.185461229,0.501,0.382,0.118,470261,610444,189612,0.112,0.048,0.678,0.147,556104,91780,499627,53951
foreign_born,Pittsburgh,0.064154152,0.061152738,0.074358207,0.079670294,0.082785658,0.075829803,0.092603118,0.087621532,0.087641445,0.088,0.090279,0.09005065,0.086053106,0.713,0.192,0.096,116174,98558,47617,0.288,0.129,0.111,0.437,175538,51275,n/a,n/a
foreign_born,Washington,0.120252077,0.135219777,0.135274338,0.142843136,0.143582866,0.139550731,0.141495147,0.133051955,0.146778256,0.139,0.120911,0.134183032,0.133163197,0.546,0.305,0.149,48717,27214,13295,0.213,0.227,0.348,0.182,20789.658,19808.172,31407.552,15793.002
hh_income,Baltimore,38772,38346,38721,39241,42266,42665,44165,47350,47131,51000,50177,,54652,n/a,n/a,n/a,n/a,n/a,n/a,n/a,n/a,n/a,n/a,83740,42825,62500,55910
hh_income,Boston,55979,49893,49081,51642,53583,56902,58263,63621,66758,71834,79018,,79283,n/a,n/a,n/a,n/a,n/a,n/a,n/a,n/a,n/a,n/a,108192,56029,41530,60348
hh_income,Chicago,45734,44776,43628,45214,47099,48734,50702,53006,55295,57238,61811,,66576,n/a,n/a,n/a,n/a,n/a,n/a,n/a,n/a,n/a,n/a,95198,37911,60349,82615
hh_income,Cleveland,24687,25977,25371,24257,26096,24701,28831,27551,28974,29953,32053,,35562,n/a,n/a,n/a,n/a,n/a,n/a,n/a,n/a,n/a,n/a,47261,27241,34070,35548
hh_income,Detroit,26098,25787,25193,23600,24820,25769,25980,28099,30344,31283,33965,,36140,n/a,n/a,n/a,n/a,n/a,n/a,n/a,n/a,n/a,n/a,44327,34825,39140,48667
hh_income,Houston,42945,42355,42877,42847,45353,45460,48064,47793,50896,51203,52450,,55499,n/a,n/a,n/a,n/a,n/a,n/a,n/a,n/a,n/a,n/a,84596,37833,47321,78489
hh_income,Philadelphia,37045,34400,34207,35386,36836,39043,41233,41449,39759,46116,47474,,52899,n/a,n/a,n/a,n/a,n/a,n/a,n/a,n/a,n/a,n/a,78010,38289,44795,55712
hh_income,Phoenix,47085,42260,43960,44153,46601,47929,48452,52062,56696,57957,60931,,68435,n/a,n/a,n/a,n/a,n/a,n/a,n/a,n/a,n/a,n/a,77086,48482,57155,102535
hh_income,Pittsburgh,37461,36196,35947,39884,42004,41074,41293,44707,45851,47417,53799,,57821,n/a,n/a,n/a,n/a,n/a,n/a,n/a,n/a,n/a,n/a,67349,28989,35268,46518
hh_income,Washington,59290,60903,63124,66583,67572,71648,75628,75506,82372,85203,92266,,90088,n/a,n/a,n/a,n/a,n/a,n/a,n/a,n/a,n/a,n/a,146265,52815,89612,110029
labor_force,Baltimore,0.615,0.614,0.629,0.624,0.616,0.61,0.601,0.626,0.617,0.625,0.624087651,0.621629759,0.623167901,0.364003169,0.455476812,0.18052002,171859,215047,85230,0.290484098,0.59004397,0.048651236,n/a,137148,278581,22970,n/a
labor_force,Boston,0.719,0.689,0.673,0.681,0.691,0.676,0.692,0.695,0.696,0.69,0.71218193,0.698397305,0.692664308,0.462688631,0.390026664,0.147284705,260986,220000,83078,0.468324516,0.193231619,0.183656465,0.102869533,264165,108995,103594,58025
labor_force,Chicago,0.664,0.657,0.663,0.667,0.664,0.659,0.66,0.67,0.667,0.673,0.671577745,0.672387486,0.672463029,0.372493132,0.458838323,0.168668545,824112,1015144,373166,0.352378073,0.279167356,0.271078031,0.073195801,779609,617636,599739,161940
labor_force,Cleveland,0.596,0.604,0.578,0.576,0.595,0.59,0.58,0.59,0.592,0.588,0.596745821,0.595309243,0.597988273,0.360215323,0.455799068,0.18398561,107936,136577,55130,0.376981942,0.456029342,0.111706264,n/a,112960,136646,33472,n/a
labor_force,Detroit,0.542,0.547,0.529,0.521,0.529,0.539,0.53,0.552,0.53,0.545,0.565250325,0.547646967,0.549068409,0.351489346,0.457517695,0.190992958,172860,225004,93929,0.114145586,0.765199993,0.0685756,n/a,56136,376320,33725,n/a
labor_force,Houston,0.688,0.67,0.682,0.682,0.69,0.682,0.681,0.675,0.662,0.67,0.66630531,0.667587841,0.673328815,0.37454682,0.472419399,0.153033781,680301,858070,277960,0.261450694,0.224054426,0.416073392,0.074840984,474881,406957,755727,135936
labor_force,Philadelphia,0.601,0.579,0.582,0.589,0.597,0.598,0.604,0.597,,0.611,0.61994204,0.61562358,0.628897833,0.215320133,0.256500342,0.102501241,476379,567487,226776,0.207007976,0.222948425,0.079587439,0.045058312,457989,493256,176081,99688
labor_force,Phoenix,0.674,0.654,0.669,0.657,0.65,0.655,0.647,0.669,0.673,0.685,0.676978597,0.679846853,0.675621912,0.37019185,0.48054462,0.14926353,470261,610444,189612,0.437767896,0.072249683,0.393308914,0.042470501,556104,91780,499627,53951
labor_force,Pittsburgh,0.617,0.623,0.597,0.629,0.631,0.624,0.614,0.636,0.632,0.628,0.660593243,0.641386948,0.631643345,0.442822347,0.37567515,0.181502502,116174,98558,47617,0.669101083,0.195445761,n/a,n/a,175538,51275,n/a,n/a
labor_force,Washington,0.667,0.668,0.674,0.69,0.688,0.689,0.698,0.693,0.705,0.707,0.708311572,0.706942054,0.70728737,0.388001513,0.435041916,0.150623235,220542,247280,85615,0.392581269,0.417489254,0.101350289,0.046554531,217269,231054,56091,25765
pre_K,Baltimore,0.484343257,0.484834649,0.461185873,0.502501959,0.508695158,0.524485205,0.571378971,0.480797805,0.475199812,0.54,0.49,,0.046,n/a,n/a,n/a,n/a,n/a,n/a,n/a,n/a,n/a,n/a,n/a,n/a,n/a,n/a
pre_K,Boston,0.657072298,0.60546993,0.543960859,0.591633879,0.59347118,0.596717044,0.585478464,0.586862833,0.654651449,0.626,0.749,,0.044,n/a,n/a,n/a,n/a,n/a,n/a,n/a,n/a,n/a,n/a,n/a,n/a,n/a,n/a
pre_K,Chicago,0.558877426,0.498340692,0.500759621,0.549329734,0.561451304,0.570398808,0.562744727,0.609335754,0.537302427,0.589,0.582,,0.059,n/a,n/a,n/a,n/a,n/a,n/a,n/a,n/a,n/a,n/a,n/a,n/a,n/a,n/a
pre_K,Cleveland,0.502204842,0.564420302,0.461173559,0.412688092,0.414483821,0.424539463,0.415114683,0.521520515,0.319509407,0.4,0.478,,0.038,n/a,n/a,n/a,n/a,n/a,n/a,n/a,n/a,n/a,n/a,n/a,n/a,n/a,n/a
pre_K,Detroit,0.397006944,0.428063763,0.467358058,0.458688386,0.410072304,0.436479848,0.368716707,0.386460926,0.434450552,0.36,0.423,,0.045,n/a,n/a,n/a,n/a,n/a,n/a,n/a,n/a,n/a,n/a,n/a,n/a,n/a,n/a
pre_K,Houston,0.410768015,0.406144541,0.405234183,0.426358737,0.407851721,0.444654035,0.402069247,0.418546436,0.428717417,0.463,0.477,,0.057,n/a,n/a,n/a,n/a,n/a,n/a,n/a,n/a,n/a,n/a,n/a,n/a,n/a,n/a
pre_K,Philadelphia,0.554465999,0.503132302,0.519080003,0.483552781,0.44787715,0.459450372,0.479664589,0.51423542,,0.538,0.492,,0.049,n/a,n/a,n/a,n/a,n/a,n/a,n/a,n/a,n/a,n/a,n/a,n/a,n/a,n/a
pre_K,Phoenix,0.29461702,0.320946566,0.26739458,0.309234396,0.296077577,0.282495667,0.328861633,0.353061017,0.380037895,0.33,0.354,,0.034,n/a,n/a,n/a,n/a,n/a,n/a,n/a,n/a,n/a,n/a,n/a,n/a,n/a,n/a
pre_K,Pittsburgh,0.583457249,0.661180124,0.602423061,0.457780342,0.573007563,0.663909774,0.398438886,0.503950695,0.512323612,0.615,0.448,,0.029,n/a,n/a,n/a,n/a,n/a,n/a,n/a,n/a,n/a,n/a,n/a,n/a,n/a,n/a
pre_K,Washington,0.588951493,0.739093533,0.745657568,0.783919267,0.784976397,0.863601978,0.745537386,0.777107728,0.73214683,0.781,0.856,,0.085,n/a,n/a,n/a,n/a,n/a,n/a,n/a,n/a,n/a,n/a,n/a,n/a,n/a,n/a
cost_burden,Baltimore,0.597693377,0.512808755,0.536754,0.501242,0.526132,0.513922,0.498318,0.459396,0.481376,0.465088,0.493458,,0.524,0.535070053,0.47538307,0.645203803,24709,30280,13708,n/a,n/a,n/a,n/a,n/a,n/a,n/a,n/a
cost_burden,Boston,0.49769944,0.481650593,0.504258689,0.477074,0.489393,0.494135,0.512652,0.476093,0.482564,0.469155,0.466059,,0.492,0.468449467,0.485643413,0.5722095,35315,36415,15492,n/a,n/a,n/a,n/a,n/a,n/a,n/a,n/a
cost_burden,Chicago,0.54567425,0.514233755,0.516218204,0.488124,0.479005,0.498486,0.477752,0.465878,0.460903,0.457983,0.438386,,0.464,0.42055112,0.455891623,0.599453894,102879,123672,55543,n/a,n/a,n/a,n/a,n/a,n/a,n/a,n/a
cost_burden,Cleveland,0.575849569,0.541643817,0.526073489,0.528767,0.524658,0.531238,0.472504,0.488181,0.480133,0.462143,0.454545,,0.467,0.501747881,0.418362303,0.54103191,18946,21157,8630,n/a,n/a,n/a,n/a,n/a,n/a,n/a,n/a
cost_burden,Detroit,0.679320448,0.603676982,0.605408366,0.582735,0.578877,0.575001,0.56723,0.548972,0.515742,0.505783,0.505433,,0.541,0.547665791,0.526539379,0.569991251,21480,33093,11727,n/a,n/a,n/a,n/a,n/a,n/a,n/a,n/a
cost_burden,Houston,0.502488644,0.472135826,0.476398308,0.474903,0.452551,0.472758,0.479418,0.489246,0.465515,0.471927,0.48253,,0.506,0.471037562,0.501926951,0.6324554,97802,132602,40486,n/a,n/a,n/a,n/a,n/a,n/a,n/a,n/a
cost_burden,Philadelphia,0.550979976,0.531452434,0.532395917,0.518911,0.522741,0.527632,0.519494,0.480503,0.427837,0.494698,0.518593,,0.489,0.483931157,0.458625646,0.589915074,60172,64458,27785,n/a,n/a,n/a,n/a,n/a,n/a,n/a,n/a
cost_burden,Phoenix,0.527022664,0.512490608,0.476704929,0.502642,0.459795,0.471462,0.460651,0.45836,0.453335,0.451572,0.435932,,0.499,0.518050912,0.465114764,0.584320279,50511,57104,16084,n/a,n/a,n/a,n/a,n/a,n/a,n/a,n/a
cost_burden,Pittsburgh,0.483247173,0.500451414,0.465383376,0.448648,0.481271,0.457941,0.470992,0.422679,0.440497,0.46389,0.413958,,0.459,0.519436162,0.344407154,0.506205027,36890,8107,4854,n/a,n/a,n/a,n/a,n/a,n/a,n/a,n/a
cost_burden,Washington,0.491275958,0.474837288,0.463374355,0.457575,0.467065,0.455187,0.456232,0.455482,0.448804,0.437506,0.40628,,0.451,0.410287246,0.465866457,0.520783388,32752,37376,14120,n/a,n/a,n/a,n/a,n/a,n/a,n/a,n/a
college,Baltimore,0.261,0.242,0.275,0.269,0.287,0.3,0.299,0.308,0.306,0.331,0.332990061,,0.377,0.385494387,0.364166903,0.278,61432,78313,23675,0.645,0.223,0.33,0.719,80112,52982,6097,7537
college,Boston,0.447,0.443,0.427,0.433,0.452,0.465,0.466,0.484,0.482,0.514,0.517272072,,0.525,0.557350933,0.441745455,0.336,139593,97184,27902,0.724,0.279,0.261,0.569,160021,25560,21269,24732
college,Chicago,0.331,0.333,0.335,0.345,0.351,0.36,0.366,0.385,0.388,0.394,0.41338758,,0.437,0.482072823,0.408749892,0.296,370230,414940,110349,0.653,0.264,0.199,0.644,491316,140566,96723,90973
college,Cleveland,0.137,0.133,0.147,0.152,0.165,0.151,0.162,0.163,0.17,0.17,0.185557513,,0.217,0.252389963,0.200114221,0.153,25609,27331,8427,0.307,0.139,0.141,0.56,30748,16393,3744,3396
college,Detroit,0.124,0.12,0.13,0.13,0.13,0.138,0.142,0.149,0.146,0.155,0.166619495,,0.181,0.152279154,0.168290342,0.192,23749,37866,18008,0.332,0.156,0.098,0.428,16858,50677,2540,2634
college,Houston,0.279,0.289,0.287,0.297,0.314,0.304,0.309,0.325,0.327,0.329,0.340052588,,0.363,0.317555497,0.340771732,0.352,196423,292406,97786,0.577,0.27,0.165,0.646,284480,93135,98906,77543
college,Philadelphia,0.232,0.226,0.236,0.243,0.252,0.26,0.274,0.286,,0.309,0.310237303,,0.348,0.39808879,0.304599048,0.238,175923,172856,53941,0.521,0.209,0.194,0.419,220715,87397,27331,35420
college,Phoenix,0.247,0.249,0.26,0.267,0.267,0.274,0.266,0.279,0.284,0.289,0.285560543,,0.328,0.254910582,0.322873187,0.32,107831,197096,60754,0.425,0.286,0.141,0.62,236583,21282,54578,29760
college,Pittsburgh,0.326,0.349,0.331,0.384,0.397,0.384,0.413,0.457,0.441,0.438,0.469978008,,0.476,0.455344267,0.429046856,0.341,50836,42286,16227,0.533,0.214,0.508,0.787,141562,8914,2922,7599
college,Washington,0.485,0.501,0.525,0.53,0.551,0.55,0.567,0.568,0.573,0.604,0.596717774,,0.63,0.593181539,0.602123099,0.501,125414,148893,42884,0.928,0.337,0.574,0.799,181758,67089,27781,17982
poverty,Baltimore,0.21,0.256,0.251,0.248,0.233,0.236,0.229,0.219,0.222,0.184,0.202,0.2,0.23,0.216,0.187,0.205,30998,39510,17049,0.12,0.277,0.261,0.22,17887,91384,8542,2916
poverty,Boston,0.169,0.233,0.232,0.216,0.216,0.226,0.205,0.21,0.187,0.182,0.171,0.18,0.187,0.181,0.144,0.242,37989,31608,19635,0.106,0.184,0.315,0.271,27674,23149,40435,15378
poverty,Chicago,0.216,0.225,0.237,0.239,0.23,0.22,0.209,0.191,0.186,0.174,0.164,0.173,0.171,0.152,0.149,0.161,112935,150483,58742,0.086,0.267,0.176,0.152,74654,200933,135909,27932
poverty,Cleveland,0.35,0.34,0.343,0.361,0.369,0.392,0.347,0.35,0.331,0.331,0.308,0.32,0.293,0.292,0.239,0.209,28026,32189,11137,0.198,0.351,0.29,0.357,23192,60864,12847,3191
poverty,Detroit,0.364,0.376,0.408,0.423,0.407,0.393,0.398,0.357,0.345,0.334,0.306,0.332,0.302,0.264,0.279,0.2,40068,62426,18435,0.285,0.305,0.314,0.319,17136,146589,15066,2703
poverty,Houston,0.206,0.228,0.238,0.235,0.224,0.224,0.212,0.208,0.206,0.204,0.197,0.196,0.194,0.188,0.151,0.161,112757,127457,44145,0.088,0.265,0.226,0.14,47804,130819,225170,22002
poverty,Philadelphia,0.25,0.267,0.284,0.269,0.263,0.26,0.258,0.257,,0.245,0.233,0.231,0.228,0.202,0.187,0.212,83868,105635,46842,0.126,0.283,0.3,0.227,63186,171310,74083,25831
poverty,Phoenix,0.211,0.225,0.229,0.241,0.236,0.233,0.223,0.203,0.168,0.156,0.156,0.162,0.149,0.145,0.113,0.12,413053,605216,188114,0.086,0.204,0.202,0.108,636420,117161,687139,66184
poverty,Pittsburgh,0.231,0.267,0.238,0.211,0.227,0.238,0.23,0.192,0.202,0.205,0.191,0.197,0.202,0.24,0.142,0.168,22444,13752,7709,0.147,0.342,0.334,0.278,26096,20241,3179,3660
poverty,Washington,0.184,0.192,0.187,0.182,0.189,0.177,0.173,0.186,0.166,0.162,0.135,0.155,0.154,0.15,0.126,0.139,30220,31122,11225,0.052,0.248,0.116,0.135,12250,72900,8495,3446
deep_poverty,Baltimore,0.107804918,0.126700425,0.127862378,0.116893298,0.12520007,0.11974256,0.117032767,0.10409655,0.111532597,0.098,0.105552,0.102262408,0.11545508,n/a,n/a,n/a,n/a,n/a,n/a,n/a,n/a,n/a,n/a,n/a,n/a,n/a,n/a
deep_poverty,Boston,0.084598631,0.125904548,0.120034039,0.118264586,0.115307016,0.120878224,0.102264306,0.104852045,0.095077437,0.09,0.085472,0.090712205,0.103037138,n/a,n/a,n/a,n/a,n/a,n/a,n/a,n/a,n/a,n/a,n/a,n/a,n/a,n/a
deep_poverty,Chicago,0.100644387,0.100097431,0.11234008,0.106084317,0.107868425,0.102886058,0.094669744,0.085666728,0.084774985,0.08,0.072625,0.080074324,0.084563734,n/a,n/a,n/a,n/a,n/a,n/a,n/a,n/a,n/a,n/a,n/a,n/a,n/a,n/a
deep_poverty,Cleveland,0.172539382,0.165916756,0.176496675,0.188010763,0.177467234,0.190177569,0.173633799,0.17723759,0.148706345,,0.114386,0.146785551,0.148534448,n/a,n/a,n/a,n/a,n/a,n/a,n/a,n/a,n/a,n/a,n/a,n/a,n/a,n/a
deep_poverty,Detroit,0.184913389,0.189582769,0.212632018,0.210428709,0.223712981,0.204184608,0.181482483,0.166107726,0.172712239,0.172,0.137208,0.164436751,0.147451761,n/a,n/a,n/a,n/a,n/a,n/a,n/a,n/a,n/a,n/a,n/a,n/a,n/a,n/a
deep_poverty,Houston,0.084787613,0.094044096,0.099940656,0.096873757,0.091564629,0.089792677,0.091013315,0.086374904,0.085780415,0.093,0.081479,0.084508618,0.117376588,n/a,n/a,n/a,n/a,n/a,n/a,n/a,n/a,n/a,n/a,n/a,n/a,n/a,n/a
deep_poverty,Philadelphia,0.119951396,0.134751535,0.131056045,0.122521885,0.121974927,0.12281726,0.121619832,0.122661292,,0.111,0.110504,0.107948628,0.074940065,n/a,n/a,n/a,n/a,n/a,n/a,n/a,n/a,n/a,n/a,n/a,n/a,n/a,n/a
deep_poverty,Phoenix,0.102100578,0.113485532,0.108508079,0.116308231,0.112840914,0.106436355,0.107006782,0.090067281,0.072339717,0.064,0.063869,0.069961097,0.102405659,n/a,n/a,n/a,n/a,n/a,n/a,n/a,n/a,n/a,n/a,n/a,n/a,n/a,n/a
deep_poverty,Pittsburgh,0.117690091,0.099007898,0.126531457,0.107463785,0.118607528,0.119662726,0.112931433,0.097763692,0.112065107,,0.102633,0.101475632,0.098331368,n/a,n/a,n/a,n/a,n/a,n/a,n/a,n/a,n/a,n/a,n/a,n/a,n/a,n/a
deep_poverty,Washington,0.107224611,0.106817899,0.103105975,0.103719629,0.103199147,0.090961948,0.091862884,0.107435452,0.089338855,0.097,0.072682,0.08689427,0.087733918,n/a,n/a,n/a,n/a,n/a,n/a,n/a,n/a,n/a,n/a,n/a,n/a,n/a,n/a
homicide_capita,Baltimore,38.356,35.91,31.752,35,37.43,33.9,55.2,51.5,55.8,50.5,58.6,56.4,39.4,n/a,n/a,n/a,n/a,n/a,n/a,n/a,n/a,n/a,n/a,n/a,n/a,n/a,n/a
homicide_capita,Boston,8.161,11.754,9.992,9.3,5.971,8.2,6.1,6.9,8.6,8.2,5.5,8.2,5.9,n/a,n/a,n/a,n/a,n/a,n/a,n/a,n/a,n/a,n/a,n/a,n/a,n/a,n/a
homicide_capita,Chicago,16.982,16.015,15.915,18.7,15.256,15,17.2,28,24,20.7,18.3,28.5,29,n/a,n/a,n/a,n/a,n/a,n/a,n/a,n/a,n/a,n/a,n/a,n/a,n/a,n/a
homicide_capita,Cleveland,20.659,20.46,18.849,24.6,14.805,26.4,30.8,35,33.7,33.5,30.9,45.9,45.6,n/a,n/a,n/a,n/a,n/a,n/a,n/a,n/a,n/a,n/a,n/a,n/a,n/a,n/a
homicide_capita,Detroit,49.647,43.593,48.791,54.6,45.672,43.6,43.4,44.6,39.7,38.8,39,48.8,48.3,n/a,n/a,n/a,n/a,n/a,n/a,n/a,n/a,n/a,n/a,n/a,n/a,n/a,n/a
homicide_capita,Houston,13.75,12.819,9.321,10.1,9.907,11,13.2,13.2,11.7,12.1,12.1,17.2,20.5,n/a,n/a,n/a,n/a,n/a,n/a,n/a,n/a,n/a,n/a,n/a,n/a,n/a,n/a
homicide_capita,Philadelphia,19.938,20.022,21.035,21.6,15.85,16,17.9,17.7,20.2,22.2,22.5,31.5,35,n/a,n/a,n/a,n/a,n/a,n/a,n/a,n/a,n/a,n/a,n/a,n/a,n/a,n/a
homicide_capita,Phoenix,6.127,8.004,7.891,7.9,7.726,7.7,7.4,9.4,10,8.4,8.3,10.4,9.2,n/a,n/a,n/a,n/a,n/a,n/a,n/a,n/a,n/a,n/a,n/a,n/a,n/a,n/a
homicide_capita,Pittsburgh,12.721,18.009,14.374,13.7,14.657,23.2,19.6,18.4,18.8,17.9,12.3,17,39.3,n/a,n/a,n/a,n/a,n/a,n/a,n/a,n/a,n/a,n/a,n/a,n/a,n/a,n/a
homicide_capita,Washington,24.315,21.815,17.431,14.2,15.836,16.2,24.6,20.1,17,23.1,23.5,28.1,32.8,n/a,n/a,n/a,n/a,n/a,n/a,n/a,n/a,n/a,n/a,n/a,n/a,n/a,n/a
population,Baltimore,620509,621005,620442,622973,622497,623165,622150,615150,609841,602495,593490,583132,576498,0.479136094,0.373022977,0.147840929,276221,215047,85230,0.268418971,0.593499023,0.060381823,0.024739028,154743,342151,34810,14262
population,Boston,612669,621074,630480,643003,653103,663017,670791,680470,688276,694583,694295,674272,654776,0.536777012,0.336246964,0.126976024,351203,220000,83078,0.436885681,0.192385229,0.20463226,0.094936274,285845,125874,133887,62115
population,Chicago,2697006,2697529,2708209,2719735,2726772,2728524,2726215,2718946,2713067,2705994,2693959,2741730,2696555,0.485155352,0.376458756,0.138385892,1308251,1015144,373166,0.328985697,0.281088023,0.288420696,0.068332591,887130,757971,777744,184263
population,Cleveland,401770,395890,392594,391500,391759,390850,389248,387708,385428,383793,380989,372032,367991,0.479065559,0.233822275,0.287112167,176299,86048,105659,0.336388537,0.468457036,0.122155617,0.024630033,123793,172395,44954,9064
population,Detroit,731155,711120,705043,700159,691883,682669,679305,676883,674188,672662,670052,638176,632464,0.495829045,0.3556875,0.148483455,313656,225004,93929,0.102617972,0.763679103,0.076571044,0.014107106,64915,483095,48438,8924
population,Houston,2087334,2098446,2124143,2160086,2198280,2240982,2286630,2309752,2317445,2325502,2316797,2300027,2288250,0.503276496,0.375186868,0.121536637,1151017,858070,277960,0.241786898,0.219648306,0.439521357,0.069560005,552978,502346,1005206,159087
population,Philadelphia,1514694,1528293,1540322,1551797,1558371,1565604,1571258,1576390,1580221,1584138,1584064,1601005,1576251,0.496106267,0.360023245,0.143870488,781988,567487,226776,0.330118109,0.385951857,0.158911874,0.074556019,520349,608357,250485,117519
population,Phoenix,1452679,1449295,1470052,1499839,1527336,1556552,1584927,1613581,1634984,1660272,1680988,1611345,1624569,0.507518133,0.375764448,0.11671742,824483,610444,189612,0.39844842,0.07171204,0.42667304,0.04030928,647295,116499,693147,65484
population,Pittsburgh,306570,305410,306107,306470,307022,306092,304211,304814,301720,301048,300281,302777,300431,0.513486257,0.328030248,0.158483495,154279,98558,47617,0.637541853,0.208181618,0.0347574,0.051465449,191552,62549,10443,15463
population,Washington,592228,605085,619602,634725,650431,662513,675254,686575,695691,702455,705749,690093,670050,0.503178867,0.369047086,0.127774047,337155,247280,85615,0.36424595,0.42675173,0.11479591,0.04015819,244063,285945,76919,26908